id,type,title,status,collector,materials,date,dimensions,image1,image2,sound1,video1,video2
ATGCHM,painting,untitled,disassembled,,acrylic on canvas,2010,"154"" x 59""",ATGCHM.jpg,ATGCHM.detail.1.jpg:ATGCHM.detail.2.jpg,ATGCHM.mp3:ATGCHM.mov:ATGCHM.ogg,,
BAdd4,sculpture,Badd4 (about 10 cents flat),available,,"metal, wood, electronics",2004,"21"" x 12"" x 17""",BAdd4.jpg,,BAdd4.mov:BAdd4.mp3:BAdd4.ogg,,
BrainScanner,sculpture,Brain Scanner,disassembled,,"metal, electronics",2008,"119"" x 34"" x 45""",BrainScanner.jpg,,BrainScanner.mp3:BrainScanner.ogg:BrainScanner.mov,,
Dacians,painting,and no Dacians died...,sold,Blake Byrne,acrylic on cardboard,2009,"100"" x 16"" x 16""",Dacians.jpg,,,,
DIFYG,sculpture,Do It For Your Girlfriend,available,,"metal, wood, found objects, electronics",2001,"42"" x 18"" x 19""",DIFYG.jpg,,DIFYG.mp3:DIFYG.mov:DIFYG.ogg,,
Dinger,sculpture,Dinger,destroyed,,"metal, found objects",1991,,Dinger.jpg,Dinger.detail.1.jpg,,,
EDF,sculpture,Environmental Distortion Feedbacker,destroyed,,"metal, electronics",2005,"12"" x 25"" x 14""",EDF.jpg,,EDF.mov:EDF.mp3:EDF.ogg,,
GAN,functional painting,GODANDNOTHING.(blue),available,,"metal, electronics, oil on canvas",2008,"92"" x 10"" x 9""",GAN.jpg,GAN.detail.1.jpg,,GAN.mov:GAN.webm:GAN.ogv,
ToneHarp,sculpture,Tone Harp,sold,Cindy Gunadi,"metal, electronics",2006,"65"" x 18"" x 14""",ToneHarp.jpg,ToneHarp.detail.1.jpg,ToneHarp.mov:ToneHarp.mp3:ToneHarp.ogg,,
JLY,painting,untitled,unknown,,acrylic on masonite,2009,"46"" x 54""",JLY.jpg,,JLY.mov:JLY.mp3:JLY.ogg,,
MachineI,sculpture,Machine I,destroyed,,"metal, wood, found objects, electronics",1998,"108"" x 72"" x 18""",MachineI.jpg,MachineI.detail.1.jpg:MachineI.detail.2.jpg:MachineI.detail.3.jpg,MachineI.mov:MachineI.mp3:MachineI.ogg,,
MachineII,sculpture,Machine II,destroyed,,"metal, found objects, electronics",2001,"108"" x 50"" x 14""",MachineII.jpg,MachineII.detail.1.jpg:MachineII.detail.2.jpg:MachineII.detail.3.jpg,MachineII.mov:MachineII.mp3:MachineII.ogg,,
ML,painting,untitled,available,,acrylic on masonite,2009,"54"" x 72""",ML.jpg,,ML.mov:ML.mp3:ML.ogg,,
PixelHarmonizer,sculpture,Pixel Harmonizer,available,,"metal, wood, electronics, custom software",2009,"78"" x 27"" x 15""",PixelHarmonizer.jpg,PixelHarmonizer.detail.1.jpg,PixelHarmonizer.mov:PixelHarmonizer.mp3:PixelHarmonizer.ogg,PixelHarmonizer.mp4:PixelHarmonizer.webm:PixelHarmonizer.ogv,PixelHarmonizer.video2.mp4:PixelHarmonizer.video2.webm:PixelHarmonizer.video2.ogv
FPS,sculpture,Functional Painting Scanner,disassembled,,"metal, electronics",2007,"54"" x 36"" x 30""",FPS.jpg,,,FPS.mov:FPS.webm:FPS.ogv,FPS.video2.mov:FPS.video2.webm:FPS.video2.ogv
SAVG,sculpture,Semi-Arbitrary Vibration Generator,disassembled,,"metal, wood, electronics",2006,"40"" x 49"" x 10""",SAVG.jpg,,SAVG.mov:SAVG.mp3:SAVG.ogg,,
Skraper,sculpture,Skraper,destroyed,,"metal, found objects",1991,,Skraper.jpg,,,,
Teeter,sculpture,Teeter,destroyed,,"metal, found objects",1991,,Teeter.jpg,,,,
TIT.TIF,functional painting,THISISTRUE.THATISFALSE.(orange/green),available,,"metal, electronics, oil on canvas",2008,"90"" x 10"" x 9""",TIT.TIF.jpg,TIT.TIF.detail.1.jpg,,TIT.TIF.mov:TIT.TIF.webm:TIT.TIF.ogv,
TMITMedium,functional painting,THEMACHINEISTHEMEDIUM.,available,,"metal, electronics, acrylic on canvas",2008,"87"" x 10"" x 5""",TMITMedium.jpg,TMITMedium.detail.1.jpg,,TMITMedium.mov:TMITMedium.mp4:TMITMedium.webm:TMITMedium.ogv,
TMITMessage,functional painting,THEMEDIUMISTHEMESSAGE.,sold,Thomas Safran,"metal, electronics, oil on canvas",2008,"64"" x 11"" x 5""",TMITMessage.jpg,TMITMessage.detail.1.jpg,,TMITMessage.mov:TMITMessage.mp4:TMITMessage.webm:TMITMessage.ogv,
TinkSequencer,functional painting,Tink Sequencer (Part I),sold,Margie McElroy,"metal, found objects",1991,,TinkSequencer.jpg,,,,
Vigil,sculpture,Vigil,available,,"metal, wood, found objects, cement",2000,(variable dimensions),Vigil.jpg,Vigil.detail.1.jpg:Vigil.detail.2.jpg:Vigil.detail.3.jpg:Vigil.detail.4.jpg:Vigil.detail.5.jpg,,,
WhichOne,sculpture,Which One?,sold,Ray Markow,"metal, wood, found objects, electronics",2001,"26"" x 27"" x 24""",WhichOne.jpg,,WhichOne.mov:WhichOne.mp3:WhichOne.ogg,,
YWH,painting,untitled,available,,acrylic on corrugated cardboard,2008,"170"" x 55""",YWH.jpg,YWH.detail.1.jpg,,,
Pallet,painting,untitled (apologies to Rene),available,,acrylic on found object,2009,"48"" x 30""",Pallet.jpg,,,,
SoundSconceI,sculpture,Sound Sconce I,available,,"metal, wood, electronics",2003,"14"" x 9"" x 17""",SoundSconceI.jpg,,SoundSconceI.mov:SoundSconceI.mp3:SoundSconceI.ogg,,
IfThenMoon,painting,"If,  Then, Moon",available,,acrylic on cardboard,2011,"98"" x 48""",IfThenMoon.jpg,,,,
DoLC,painting,Derivation of Lady C,available,,Euler (misapplied) and acrylic on cardboard,2011,"96"" x 48""",DoLC.jpg,DoLC.detail.1.jpg:DoLC.detail.2.jpg,,,
Rocket,painting,Rocket,disassembled,,"acrylic on cardboard, metal, masonite",2009,"62"" x 42"" x 10""",Rocket.jpg,Rocket.detail.1.jpg,,,
StickItHollis,painting,"Stick It In The Hole, Hollis",available,,oil and concept on cardboard,2010,"96"" x 48""",StickItHollis.jpg,StickItHollis.detail.1.jpg:StickItHollis.detail.2.jpg,,,
S,painting,S,available,,acrylic on canvas,2012,"24"" x 48""",S.jpg,,,,
chair,sculpture,chair,available,,acrylic on found object,2011,"40"" x 29"" x 30""",chair.jpg,,,,
SelfPortrait,photograph,self portrait,available,,acrylic on digital C print,2011,"24"" x 20""",SelfPortrait.jpg,,,,
ThisPaintingIsFalse,painting,This Painting Is False,available,,"acrylic, pastel, and pencil on masonite",2010,"19"" x 11""",ThisPaintingIsFalse.jpg,,,,
EmptyFill,painting,"Empty, Fill",available,,"acrylic, pastel, and pencil on masonite",2010,"17"" x 12""",EmptyFill.jpg,,,,
PA,painting,Prime Axiom (a.k.a. Axiom of Catastrophic Consequences),unknown,,oil and acrylic on panel,2013,"72"" x 46""",PA.jpg,,,,
TinRO,painting,truth in red and orange,unknown,,oil on canvas,2013,"72"" x 46""",TinRO.jpg,,,,
ATAPB,painting,A.T.A.P.B.,unknown,,acrylic on panel,2013,"45"" x 71.5""",ATAPB.jpg,,,,
ACT,painting,Axiom of Communicative Transcendence,unknown,,oil on panel,2014,"72"" x 46""",ACT.jpg,,,,
TRUE,painting,True.,unknown,,oil and acrylic on panel,2014,"72"" x 46""",True.jpg,,,,
TruthWithTennisRacquet,painting,truth with tennis racquet,unknown,,oil and acrylic on panel,2014,"46"" x 24""",TruthWithTennisRacquet.jpg,,,,
Heresy,painting,Heresy on Multiple Counts (in support of Danto),unknown,,acrylic and concept on panel,2015,"72"" x 46""",Heresy.jpg,,,,